ID;Exercise
1;Cable Crunch
2;Dumbbell Russian Twist
3;Machine Ab Crunch
4;Close-Grip Lat Pulldown
5;Wide-Grip Lat Pulldown
6;Close-Grip Cable Row
7;Wide-Grip Cable Row
8;Single-Arm Cable Lat Pulldown
9;Dumbbell Row
10;Barbell Row
11;Machine Row Wide Grip
12;Machine Lat Pulldown
13;Machine High Row
14;Machine Low Row
15;T-Bar Row
16;Machine Row Hammer Grip
17;Machine Back Extension
18;Smith Machine Row
19;Smith Machine Romanian Deadlift
20;Barbell Romanian Deadlift
21;Barbell Deadlift
22;Cable Romanian Deadlift
23;Jefferson Curl
24;Dumbbell Romanian Deadlift
25;Pull-Up
26;Assisted Pull-Up
27;Face Pulls
28;Cable Reverse Flies
29;Reverse Pec Deck
30;Dumbbell Reverse Flies
31;Kelso Shrug
32;Cable Kelso Shrug
33;Single-Arm Reverse Pec Deck
34;Cable Bar Biceps Curl
35;Bayesian Curl
36;Cable Hammer Curl
37;Dumbbell Biceps Curl
38;Dumbbell Hammer Curl
39;Incline Dumbbell Biceps Curl
40;Zottman Curl
41;Dumbbell Preacher Curl
42;Dumbbell Spider Curl
43;Barbell Biceps Curl
44;Barbell Preacher Curl
45;Machine Preacher Curl
46;EZ-Bar Curl
47;EZ-Bar Preacher Curl
48;Cable Flies
49;Cable Chest Press
50;Push-Up
51;Dumbbell Bench Press
52;Incline Dumbbell Bench Press
53;Dumbbell Flies
54;Barbell Bench Press
55;Incline Barbell Bench Press
56;Pec Deck
57;Chest Press
58;Machine Incline Chest Press
59;Machine Chest Press (Flat)
60;Smith Machine Bench Press
61;Smith Machine Incline Bench Press
62;Seated Leg Curl
63;Lying Leg Curl
64;Hip Thrust
65;Smith Machine Hip Thrust
66;Barbell Hip Thrust
67;Cable Kickbacks
68;Cable Hip Abduction
69;Dumbbell Bulgarian Split Squat
70;Sumo Squat
71;Goblet Squat
72;Barbell Squat
73;Dumbbell Lunge
74;Barbell Lunge
75;Smith Machine Lunge
76;Smith Machine Bulgarian Split Squat
77;Leg Press
78;Hack Squat
79;Hip Abduction
80;Hip Adduction
81;V Squat
82;Pendulum Squat
83;Smith Machine Squat
84;Leg Extension
85;Seated Calf Raise
86;Calf Raise
87;Smith Machine Calf Raise
88;Leg Press Calf Raise
89;Cable Lateral Raise
90;Dumbbell Shoulder Press
91;Dumbbell Lateral Raise
92;Seated Incline Dumbbell Lateral Raise
93;Y Raise
94;Military Press
95;Seated Barbell Shoulder Press
96;Machine Lateral Raise
97;Machine Shoulder Press
98;Smith Machine Shoulder Press
99;Machine Shrug
100;Dumbbell Shrug
101;Barbell Shrug
102;Smith Machine Shrug
103;Incline Dumbbell Y-Raise
104;Cable Y-Raise
105;Single-Arm Cable Triceps Kickbacks
106;Cable Bar Triceps Pushdown
107;Cable Rope Triceps Pushdown
108;Cable Bar Overhead Triceps Extension
109;Cable Rope Overhead Triceps Extension
110;Dips
111;Dumbbell Triceps Kickbacks
112;Dumbbell Overhead Extension
113;Machine Triceps Press
114;EZ-Bar Skull Crushers
115;EZ-Bar Overhead Extensions
